date_utc,block_time_utc,height_guess,used_height,pool_len,uluna,uusd,lunc,ustc,lcd_used,error
2022-05-01T00:00:00Z,,7363571,7363571,31,10123660573164.438648246848646592,1052695195405789.265304367002004044,10123660.573164439,1052695195.4057893,https://terra-classic-lcd.publicnode.com,
2022-05-08T00:00:00Z,,7464371,7464371,31,10123660599820.690241488804862070,1050683195432743.582968262202936969,10123660.59982069,1050683195.4327437,https://terra-classic-lcd.publicnode.com,
2022-05-15T00:00:00Z,,7565171,7565171,31,10123660628722.782425404325989464,1017233195462122.139319585840701892,10123660.628722783,1017233195.4621221,https://terra-classic-lcd.publicnode.com,
2022-05-22T00:00:00Z,,7665971,7665971,31,10123660703353.505492918771965214,1006733195537066.763464477916441625,10123660.703353506,1006733195.5370667,https://terra-classic-lcd.publicnode.com,
2022-05-29T00:00:00Z,,7766771,7766771,31,10123660733135.784635419862603123,1006733195566976.612374845216036359,10123660.733135786,1006733195.5669767,https://terra-classic-lcd.publicnode.com,
2022-06-05T00:00:00Z,,7867571,7867571,31,10123660759475.003356424298916922,1593208.852285811724161840,10123660.759475004,1.5932088522858117,https://terra-classic-lcd.publicnode.com,
2022-06-12T00:00:00Z,,7968371,7968371,31,10123660767538.394896544875135014,1601218.037745659285433522,10123660.767538395,1.6012180377456593,https://terra-classic-lcd.publicnode.com,
2022-06-19T00:00:00Z,,8069171,8069171,31,10123660772940.314774379010242923,1606679.064714423798907381,10123660.772940315,1.6066790647144238,https://terra-classic-lcd.publicnode.com,
2022-06-26T00:00:00Z,,8169971,8169971,31,10409291096412.591379557349783420,15069023781.638760864687740147,10409291.096412592,15069.023781638762,https://terra-classic-lcd.publicnode.com,
2022-07-03T00:00:00Z,,8270771,8270771,31,10854998063703.270302663957822428,38320253973.101916877150077279,10854998.063703269,38320.25397310191,https://terra-classic-lcd.publicnode.com,
2022-07-10T00:00:00Z,,8371571,8371571,31,11369323941530.499217127172642393,64104167692.457836475569944712,11369323.9415305,64104.16769245784,https://terra-classic-lcd.publicnode.com,
2022-07-17T00:00:00Z,,8472371,8472371,31,11666604406051.148020197503437023,77952670895.407336135374370437,11666604.406051148,77952.67089540734,https://terra-classic-lcd.publicnode.com,
2022-07-24T00:00:00Z,,8573171,8573171,31,11948853197121.427896166194520442,94437984911.232639405446464861,11948853.197121428,94437.98491123263,https://terra-classic-lcd.publicnode.com,
2022-07-31T00:00:00Z,,8673971,8673971,31,12137057250710.881352973274024585,118533499148.006804602902544733,12137057.25071088,118533.4991480068,https://terra-classic-lcd.publicnode.com,
2022-08-07T00:00:00Z,,8774771,8774771,31,12343450995837.282802600100090655,140553823733.976979993952002308,12343450.995837282,140553.82373397698,https://terra-classic-lcd.publicnode.com,
2022-08-14T00:00:00Z,,8875571,8875571,31,12572251335109.004826191072369578,170172285619.321424027965472718,12572251.335109005,170172.28561932142,https://terra-classic-lcd.publicnode.com,
2022-08-21T00:00:00Z,,8976371,8976371,31,12753057555252.044872113052594142,191332662178.959939550803426305,12753057.555252045,191332.66217895993,https://terra-classic-lcd.publicnode.com,
2022-08-28T00:00:00Z,,9077171,9077171,31,13047822594075.800373571887870012,209893637870.161966013417823724,13047822.5940758,209893.63787016197,https://terra-classic-lcd.publicnode.com,
2022-09-04T00:00:00Z,,9177971,9177971,31,15123947052975.730395530093411950,231913232347.370998060440723417,15123947.052975731,231913.232347371,https://terra-classic-lcd.publicnode.com,
2022-09-11T00:00:00Z,,9278771,9278771,31,16787575846465.764234319047871697,259722999562.896506465735198973,16787575.846465763,259722.99956289653,https://terra-classic-lcd.publicnode.com,
2022-09-18T00:00:00Z,,9379571,9379571,31,18115181203233.251027933173111586,288774261175.527274405396251587,18115181.20323325,288774.2611755273,https://terra-classic-lcd.publicnode.com,
2022-09-25T00:00:00Z,,9480371,9480371,31,23631470295036.089198724869664178,329184306172.499702801913283455,23631470.29503609,329184.30617249967,https://terra-classic-lcd.publicnode.com,
2022-10-02T00:00:00Z,,9581171,9581171,32,249741699424948.713683321375617915,648073784798.115743013769670988,249741699.42494872,648073.7847981157,https://terra-classic-lcd.publicnode.com,
2022-10-09T00:00:00Z,,9681971,9681971,32,315088691072980.089683550185147345,939062418058.076320718211606629,315088691.07298005,939062.4180580763,https://terra-classic-lcd.publicnode.com,
2022-10-16T00:00:00Z,,9782771,9782771,32,376129377650491.895352244684872536,1337929605149.629193979667433876,376129377.6504919,1337929.605149629,https://terra-classic-lcd.publicnode.com,
2022-10-23T00:00:00Z,,9883571,9883571,32,430748125475514.575118322020903254,1547814836339.889111429500165038,430748125.4755146,1547814.836339889,https://terra-classic-lcd.publicnode.com,
2022-10-30T00:00:00Z,,9984371,9984371,32,712859996498342.692030974340101970,1621966151605.114177536717289718,712859996.4983428,1621966.1516051143,https://terra-classic-lcd.publicnode.com,
2022-11-06T00:00:00Z,,10085171,10085171,32,936710443225000.047215205594166432,1732663590830.163723556110752258,936710443.225,1732663.5908301638,https://terra-classic-lcd.publicnode.com,
2022-11-13T00:00:00Z,,10185971,10185971,32,1041801562075396.353329290854622033,256416700973.075299517864892610,1041801562.0753964,256416.7009730753,https://terra-classic-lcd.publicnode.com,
2022-11-20T00:00:00Z,,10286771,10286771,32,1219611198592301.948579203861648846,431831029245.173164190031513992,1219611198.592302,431831.02924517315,https://terra-classic-lcd.publicnode.com,
2022-11-27T00:00:00Z,,10387571,10387571,32,1299164722926447.637718484749452697,513729879841.314645448724544508,1299164722.9264479,513729.8798413146,https://terra-classic-lcd.publicnode.com,
2022-12-04T00:00:00Z,,10488371,10488371,32,2019414269488555.077288999286009910,606964949557.622594240366753440,2019414269.488555,606964.9495576225,https://terra-classic-lcd.publicnode.com,
2022-12-11T00:00:00Z,,10589171,10589171,32,2069535465862748.917482528450119772,668346288852.778694530444739059,2069535465.862749,668346.2888527787,https://terra-classic-lcd.publicnode.com,
2022-12-18T00:00:00Z,,10689971,10689971,32,1410779708905995.026698343700936630,749656237196.698485263338816938,1410779708.905995,749656.2371966984,https://terra-classic-lcd.publicnode.com,
2022-12-25T00:00:00Z,,10790771,10790771,32,1640383930560332.353218183018891631,808968824833.613957294468431726,1640383930.5603323,808968.824833614,https://terra-classic-lcd.publicnode.com,
2023-01-01T00:00:00Z,,10891571,10891571,32,1875724965181429.194804952671649219,991922977832.981735559342622024,1875724965.1814291,991922.9778329817,https://terra-classic-lcd.publicnode.com,
2023-01-08T00:00:00Z,,10992371,10992371,32,1031591735724797.957263547716949175,1054654610946.921350005276129769,1031591735.724798,1054654.6109469214,https://terra-classic-lcd.publicnode.com,
2023-01-15T00:00:00Z,,11093171,11093171,32,1078700162357870.676762564730718432,1119919368427.464211588645962924,1078700162.3578706,1119919.368427464,https://terra-classic-lcd.publicnode.com,
2023-01-22T00:00:00Z,,11193971,11193971,32,1109718950572919.322852940548684478,1259881414888.802439460216734780,1109718950.5729194,1259881.4148888025,https://terra-classic-lcd.publicnode.com,
2023-01-29T00:00:00Z,,11294771,11294771,32,1135536402670775.000353651287166265,1322824535687.834751819404499772,1135536402.670775,1322824.5356878347,https://terra-classic-lcd.publicnode.com,
2023-02-05T00:00:00Z,,11395571,11395571,32,1165599019952345.328634248743775005,1501504449002.370662589811648891,1165599019.9523451,1501504.4490023707,https://terra-classic-lcd.publicnode.com,
2023-02-12T00:00:00Z,,11496371,11496371,32,1234380246334685.097833429414914426,1638838603324.287678869146317456,1234380246.334685,1638838.6033242876,https://terra-classic-lcd.publicnode.com,
2023-02-19T00:00:00Z,,11597171,11597171,32,1255752273246458.587642986045392616,1749084784226.696624364256385828,1255752273.2464585,1749084.7842266965,https://terra-classic-lcd.publicnode.com,
2023-02-26T00:00:00Z,,11697971,11697971,32,1290720053799022.463653567549823842,1852455955499.755651009145314388,1290720053.7990224,1852455.9554997557,https://terra-classic-lcd.publicnode.com,
2023-03-05T00:00:00Z,,11798771,11798771,32,1323075167341955.075237659595271084,1938851764114.110822538280906806,1323075167.341955,1938851.7641141107,https://terra-classic-lcd.publicnode.com,
2023-03-12T00:00:00Z,,11899571,11899571,32,1419115127902929.004573188116985387,2081910965061.905687831188820360,1419115127.902929,2081910.9650619058,https://terra-classic-lcd.publicnode.com,
2023-03-19T00:00:00Z,,12000371,12000371,32,1485173461080829.985319066533012622,2188836790170.725003334894610303,1485173461.08083,2188836.790170725,https://terra-classic-lcd.publicnode.com,
2023-03-26T00:00:00Z,,12101171,12101171,32,1617911645125149.710955143678263210,2306176201297.720294662814753279,1617911645.1251497,2306176.2012977204,https://terra-classic-lcd.publicnode.com,
2023-04-02T00:00:00Z,,12201971,12201971,32,1667045202673620.297787208825071009,2392051353866.196061560988174890,1667045202.6736202,2392051.3538661962,https://terra-classic-lcd.publicnode.com,
2023-04-09T00:00:00Z,,12302771,12302771,32,1806184698988086.297465060106422548,2597212376313.129877893671875468,1806184698.9880862,2597212.37631313,https://terra-classic-lcd.publicnode.com,
2023-04-16T00:00:00Z,,12403571,12403571,32,1110528507575374.165376561870069280,3145084352196.886769271030806189,1110528507.5753741,3145084.3521968867,https://terra-classic-lcd.publicnode.com,
2023-04-23T00:00:00Z,,12504371,12504371,32,1154199707127193.285827668297521629,3221907325101.809473782146755897,1154199707.1271932,3221907.3251018096,https://terra-classic-lcd.publicnode.com,
2023-04-30T00:00:00Z,,12605171,12605171,32,897393159051715.498512975362974415,3301707268515.181449561352175760,897393159.0517155,3301707.2685151817,https://terra-classic-lcd.publicnode.com,
2023-05-07T00:00:00Z,,12705971,12705971,32,975532789380889.368378173073887322,3405121623319.999879528500375504,975532789.3808894,3405121.62332,https://terra-classic-lcd.publicnode.com,
2023-05-14T00:00:00Z,,12806771,12806771,32,1232033983579535.976815782223852155,3509133700847.374883734939522138,1232033983.579536,3509133.700847375,https://terra-classic-lcd.publicnode.com,
2023-05-21T00:00:00Z,,12907571,12907571,32,1359043928177285.307319864973324836,3577968933526.544831515604017526,1359043928.1772852,3577968.933526545,https://terra-classic-lcd.publicnode.com,
2023-05-28T00:00:00Z,,13008371,13008371,33,1693262554434971.142098837309763555,3712761458630.753285334594002377,1693262554.4349713,3712761.458630753,https://terra-classic-lcd.publicnode.com,
2023-06-04T00:00:00Z,,13109171,13109171,33,1846788860620403.538164974168428296,3965804260159.634396033931502181,1846788860.6204035,3965804.260159634,https://terra-classic-lcd.publicnode.com,
2023-06-11T00:00:00Z,,13209971,13209971,33,1973324581783563.986674197509488563,4217975398231.431960970972409254,1973324581.783564,4217975.398231432,https://terra-classic-lcd.publicnode.com,
2023-06-18T00:00:00Z,,13310771,13310771,33,2132566695234662.141074986278139253,4329166167279.542534500670523556,2132566695.2346623,4329166.167279542,https://terra-classic-lcd.publicnode.com,
2023-06-25T00:00:00Z,,13411571,13411571,33,2231936376020510.908318362239441594,4423150522877.979408469992622842,2231936376.020511,4423150.522877979,https://terra-classic-lcd.publicnode.com,
2023-07-02T00:00:00Z,,13512371,13512371,33,458913375377276.680834535382538029,4505757618386.999698101532402059,458913375.37727666,4505757.618387,https://terra-classic-lcd.publicnode.com,
2023-07-09T00:00:00Z,,13613171,13613171,33,553360566995263.443829989967839118,4646563201003.732202164845989613,553360566.9952635,4646563.201003732,https://terra-classic-lcd.publicnode.com,
2023-07-16T00:00:00Z,,13713971,13713971,33,688275256215840.305649888472465125,4990371673879.867226417525137043,688275256.2158402,4990371.673879867,https://terra-classic-lcd.publicnode.com,
2023-07-23T00:00:00Z,,13814771,13814771,33,781721342540574.497498292168210652,5083473008324.064430418181482929,781721342.5405746,5083473.008324064,https://terra-classic-lcd.publicnode.com,
2023-07-30T00:00:00Z,,13915571,13915571,33,865593314374400.692887389991692802,5190599571680.196130998929308478,865593314.3744007,5190599.571680197,https://terra-classic-lcd.publicnode.com,
2023-08-06T00:00:00Z,,14016371,14016371,33,958955896219586.325847685210698306,5289630554070.377281933025256440,958955896.2195864,5289630.554070377,https://terra-classic-lcd.publicnode.com,
2023-08-13T00:00:00Z,,14117171,14117171,33,1052022718593876.374320871330622644,5410909740557.999466318899732334,1052022718.5938764,5410909.740557999,https://terra-classic-lcd.publicnode.com,
2023-08-20T00:00:00Z,,14217971,14217971,34,1219472791558581.058133160264793970,5484764884363.584252315836347524,1219472791.558581,5484764.884363584,https://terra-classic-lcd.publicnode.com,
2023-08-27T00:00:00Z,,14318771,14318771,35,1514472489810117.792668950310270778,5584523822816.936728485797447513,1514472489.8101177,5584523.822816936,https://terra-classic-lcd.publicnode.com,
2023-09-03T00:00:00Z,,14419571,14419571,35,1291349052659274.667091755209682703,5648964684847.300394356809379369,1291349052.6592748,5648964.684847301,https://terra-classic-lcd.publicnode.com,
2023-09-10T00:00:00Z,,14520371,14520371,35,1367489296047600.724454531407602008,5797781469798.162359135238571928,1367489296.0476007,5797781.469798162,https://terra-classic-lcd.publicnode.com,
2023-09-17T00:00:00Z,,14621171,14621171,35,1499414849828056.696801592353751561,5891965353427.641828790717676724,1499414849.8280568,5891965.353427642,https://terra-classic-lcd.publicnode.com,
2023-09-24T00:00:00Z,,14721971,14721971,35,1554645785203545.598893730363686317,5959234345262.846996814380707835,1554645785.2035456,5959234.345262847,https://terra-classic-lcd.publicnode.com,
2023-10-01T00:00:00Z,,14822771,14822771,35,1634896189155794.286427716140838901,6011184062655.220612903865525349,1634896189.1557941,6011184.062655221,https://terra-classic-lcd.publicnode.com,
2023-10-08T00:00:00Z,,14923571,14923571,35,1714877110699452.034241162627381770,6047477471625.964133190881369599,1714877110.699452,6047477.471625964,https://terra-classic-lcd.publicnode.com,
2023-10-15T00:00:00Z,,15024371,15024371,35,2109751545067802.073506115670970462,6089942052768.490777281368459258,2109751545.067802,6089942.052768491,https://terra-classic-lcd.publicnode.com,
2023-10-22T00:00:00Z,,15125171,15125171,35,2165982661183057.493476676850734817,6163026714399.876428100060924627,2165982661.1830573,6163026.714399876,https://terra-classic-lcd.publicnode.com,
2023-10-29T00:00:00Z,,15225971,15225971,35,2216392630631266.624026391779966054,6313105716107.753572400979558707,2216392630.6312666,6313105.716107754,https://terra-classic-lcd.publicnode.com,
2023-11-05T00:00:00Z,,15326771,15326771,35,2267149409566492.156583783563849094,6369775468521.169055819683096533,2267149409.566492,6369775.468521169,https://terra-classic-lcd.publicnode.com,
2023-11-12T00:00:00Z,,15427571,15427571,35,2385399256020093.727342137914612568,6671666371134.330398693070200656,2385399256.0200934,6671666.3711343305,https://terra-classic-lcd.publicnode.com,
2023-11-19T00:00:00Z,,15528371,15528371,35,2535983366499827.655144805927489964,6882451169183.343953183851947910,2535983366.4998274,6882451.169183344,https://terra-classic-lcd.publicnode.com,
2023-11-26T00:00:00Z,,15629171,15629171,35,2762260512160138.845043523352320177,7524573787575.877290833749421148,2762260512.160139,7524573.787575877,https://terra-classic-lcd.publicnode.com,
2023-12-03T00:00:00Z,,15729971,15729971,35,3067887455150642.133080917857320074,7706205433031.841327727061679083,3067887455.150642,7706205.433031842,https://terra-classic-lcd.publicnode.com,
2023-12-10T00:00:00Z,,15830771,15830771,35,3247537836006765.120557356330428099,7863509444175.652988482145206244,3247537836.006765,7863509.444175653,https://terra-classic-lcd.publicnode.com,
2023-12-17T00:00:00Z,,15931571,15931571,35,3353484258086282.895691574351530511,7958244314680.472223535167303634,3353484258.086283,7958244.314680473,https://terra-classic-lcd.publicnode.com,
2023-12-24T00:00:00Z,,16032371,16032371,35,3485034214111913.129482777437187791,8033086417718.460573647002981827,3485034214.111913,8033086.417718461,https://terra-classic-lcd.publicnode.com,
2023-12-31T00:00:00Z,,16133171,16133171,35,3602862928546375.850521016820781633,8110766689187.827191583734072070,3602862928.546376,8110766.6891878275,https://terra-classic-lcd.publicnode.com,
2024-01-07T00:00:00Z,,16233971,16233971,37,3690467935739719.338178380840713892,8170392569787.303937338299832657,3690467935.7397194,8170392.569787304,https://terra-classic-lcd.publicnode.com,
2024-01-14T00:00:00Z,,16334771,16334771,37,3755727762249914.911948652879519139,8229516894582.167067125271168751,3755727762.249915,8229516.894582167,https://terra-classic-lcd.publicnode.com,
2024-01-21T00:00:00Z,,16435571,16435571,37,3945008219541033.289685606164104583,8280682064836.753841185416790464,3945008219.5410333,8280682.0648367535,https://terra-classic-lcd.publicnode.com,
2024-01-28T00:00:00Z,,16536371,16536371,37,4079834835403736.601586758928280039,8343488986193.230415041215463591,4079834835.4037366,8343488.98619323,https://terra-classic-lcd.publicnode.com,
2024-02-04T00:00:00Z,,16637171,16637171,37,4029581718162403.287091569813822299,8462655647705.895250569782463210,4029581718.1624036,8462655.647705896,https://terra-classic-lcd.publicnode.com,
2024-02-11T00:00:00Z,,16737971,16737971,37,4108041389572792.961554243097729293,8526074895847.671481439357541825,4108041389.572793,8526074.895847673,https://terra-classic-lcd.publicnode.com,
2024-02-18T00:00:00Z,,16838771,16838771,37,4185902919168650.184758574574784849,8646959332146.066595679562226986,4185902919.16865,8646959.332146067,https://terra-classic-lcd.publicnode.com,
2024-02-25T00:00:00Z,,16939571,16939571,37,4295500404401679.888175999673215703,10709658695845.981899946616796297,4295500404.40168,10709658.695845982,https://terra-classic-lcd.publicnode.com,
2024-03-03T00:00:00Z,,17040371,17040371,37,4520786120998139.481433016177098161,11154522707839.446636536399534908,4520786120.998139,11154522.707839448,https://terra-classic-lcd.publicnode.com,
2024-03-10T00:00:00Z,,17141171,17141171,37,4614251933312765.287943168472764226,11215358360911.776353792974750923,4614251933.312765,11215358.360911775,https://terra-classic-lcd.publicnode.com,
2024-03-17T00:00:00Z,,17241971,17241971,37,4718910901303326.328982533757533193,11296124749037.818012664646687699,4718910901.303326,11296124.749037819,https://terra-classic-lcd.publicnode.com,
2024-03-24T00:00:00Z,,17342771,17342771,37,4812880953886154.888379004144651913,11373472604105.312557200335802858,4812880953.886155,11373472.604105312,https://terra-classic-lcd.publicnode.com,
2024-03-31T00:00:00Z,,17443571,17443571,37,4876337994198133.750453949011313097,11425223706187.037466674084763375,4876337994.198134,11425223.706187038,https://terra-classic-lcd.publicnode.com,
2024-04-07T00:00:00Z,,17544371,17544371,37,4932169780559699.049519078389296341,11462811802150.765244995495296304,4932169780.559699,11462811.802150765,https://terra-classic-lcd.publicnode.com,
2024-04-14T00:00:00Z,,17645171,17645171,37,5018087092004516.300690956894694866,11808265037775.774665873026161326,5018087092.004516,11808265.037775775,https://terra-classic-lcd.publicnode.com,
2024-04-21T00:00:00Z,,17745971,17745971,37,5061715598939772.041506292101851849,11858738638832.401986790488197982,5061715598.939772,11858738.638832401,https://terra-classic-lcd.publicnode.com,
2024-04-28T00:00:00Z,,17846771,17846771,37,5117731596580037.354067225446841593,11907019075023.811908802801657682,5117731596.580037,11907019.075023813,https://terra-classic-lcd.publicnode.com,
2024-05-05T00:00:00Z,,17947571,17947571,37,5191265798202027.181435582125580057,11971947578784.570913434753945714,5191265798.202027,11971947.57878457,https://terra-classic-lcd.publicnode.com,
2024-05-12T00:00:00Z,,18048371,18048371,37,5234813277910904.289467094891052130,12003948837636.906550041098105049,5234813277.910904,12003948.837636907,https://terra-classic-lcd.publicnode.com,
2024-05-19T00:00:00Z,,18149171,18149171,37,5295269510169955.810115906689529934,12036220117046.652845801246315198,5295269510.169956,12036220.117046652,https://terra-classic-lcd.publicnode.com,
2024-05-26T00:00:00Z,,18249971,18249971,37,5360327120518863.620350025930917847,12072927234063.203682125740757117,5360327120.518864,12072927.234063203,https://terra-classic-lcd.publicnode.com,
2024-06-02T00:00:00Z,,18350771,18350771,37,5458676525622784.546001066920796101,12208319794339.188496381417286569,5458676525.622785,12208319.79433919,https://terra-classic-lcd.publicnode.com,
2024-06-09T00:00:00Z,,18451571,18451571,37,5255128695691154.583002594489347290,12248517382356.075973857224620022,5255128695.691155,12248517.382356076,https://terra-classic-lcd.publicnode.com,
2024-06-16T00:00:00Z,,18552371,18552371,37,5334904906659326.713393235357942584,12328387185659.608324274131521143,5334904906.659327,12328387.185659608,https://terra-classic-lcd.publicnode.com,
2024-06-23T00:00:00Z,,18653171,18653171,37,6235700846837126.220284164857839860,12389608126141.424931588845528599,6235700846.837126,12389608.126141425,https://terra-classic-lcd.publicnode.com,
2024-06-30T00:00:00Z,,18753971,18753971,37,6302789109848591.449633364046415518,12423456566551.405730599532677708,6302789109.848591,12423456.566551406,https://terra-classic-lcd.publicnode.com,
2024-07-07T00:00:00Z,,18854771,18854771,37,6363308020287723.845883048330555526,12456968781863.844558363953853433,6363308020.287724,12456968.781863844,https://terra-classic-lcd.publicnode.com,
2024-07-14T00:00:00Z,,18955571,18955571,37,6419733559793044.391281839852865792,12509517493061.319627652501321323,6419733559.793044,12509517.49306132,https://terra-classic-lcd.publicnode.com,
2024-07-21T00:00:00Z,,19056371,19056371,37,6462343089822785.598459069767155233,12539846098746.826126864019277956,6462343089.822786,12539846.098746827,https://terra-classic-lcd.publicnode.com,
2024-07-28T00:00:00Z,,19157171,19157171,37,6519803788267924.187361013033012063,12559545123845.253969618737627322,6519803788.267924,12559545.123845253,https://terra-classic-lcd.publicnode.com,
2024-08-04T00:00:00Z,,19257971,19257971,37,6608537684226762.438791900397379291,12611934566954.665340377412185558,6608537684.226762,12611934.566954667,https://terra-classic-lcd.publicnode.com,
2024-08-11T00:00:00Z,,19358771,19358771,37,6591126567265206.871628859836636511,12636030943301.710957889700082346,6591126567.265207,12636030.943301711,https://terra-classic-lcd.publicnode.com,
2024-08-18T00:00:00Z,,19459571,19459571,37,6620867948733943.045656310881990973,12655665315823.974172959858257971,6620867948.733943,12655665.315823974,https://terra-classic-lcd.publicnode.com,
2024-08-25T00:00:00Z,,19560371,19560371,37,6799170019607850.688305993315037109,12832766091287.481371444869064881,6799170019.607851,12832766.09128748,https://terra-classic-lcd.publicnode.com,
2024-09-01T00:00:00Z,,19661171,19661171,37,6846917125782991.897745517766852667,12855072552907.007063645503012386,6846917125.782992,12855072.552907009,https://terra-classic-lcd.publicnode.com,
2024-09-08T00:00:00Z,,19761971,19761971,37,6892051119272427.400462723634633761,12901785511113.087686651814563601,6892051119.272427,12901785.511113089,https://terra-classic-lcd.publicnode.com,
2024-09-15T00:00:00Z,,19862771,19862771,37,6946284246687752.918541060871456425,12934238980943.352090793914623466,6946284246.687753,12934238.980943352,https://terra-classic-lcd.publicnode.com,
2024-09-22T00:00:00Z,,19963571,19963571,37,7002680023166904.071126843084374036,14786056666975.002274909194087622,7002680023.166904,14786056.666975003,https://terra-classic-lcd.publicnode.com,
2024-09-29T00:00:00Z,,20064371,20064371,37,7049857247933256.733565266860682389,14968156942104.330720525208876762,7049857247.933257,14968156.94210433,https://terra-classic-lcd.publicnode.com,
2024-10-06T00:00:00Z,,20165171,20165171,37,7049857247933256.733565266860682389,14968156942104.330720525208876762,7049857247.933257,14968156.94210433,https://terra-classic-lcd.publicnode.com,
2024-10-13T00:00:00Z,,20265971,20265971,37,7124508753738613.247477071340857050,15024116076549.229429076734795456,7124508753.738613,15024116.076549228,https://terra-classic-lcd.publicnode.com,
2024-10-20T00:00:00Z,,20366771,20366771,37,7187644967951022.516297431358353465,15062991378990.653716768349667985,7187644967.951023,15062991.378990654,https://terra-classic-lcd.publicnode.com,
2024-10-27T00:00:00Z,,20467571,20467571,37,7228413661261599.673434655242750328,15101559718220.352574496139830498,7228413661.2616,15101559.718220353,https://lcd.terra-classic.hexxagon.io,
2024-11-03T00:00:00Z,,20568371,20568371,37,7538734437357077.255103910372176294,15377844264317.854669166950692938,7538734437.357077,15377844.264317855,https://terra-classic-lcd.publicnode.com,
2024-11-10T00:00:00Z,,20669171,20669171,37,7607436579866321.898739576685686404,15404726093534.196651465771277158,7607436579.866322,15404726.093534198,https://terra-classic-lcd.publicnode.com,
2024-11-17T00:00:00Z,,20769971,20769971,37,7679305473280057.884777890303997242,15444010048581.879090734347731381,7679305473.280058,15444010.04858188,https://terra-classic-lcd.publicnode.com,
2024-11-24T00:00:00Z,,20870771,20870771,37,7862221577065898.881706850760324549,15479810346566.149667395273082403,7862221577.065899,15479810.34656615,https://terra-classic-lcd.publicnode.com,
2024-12-01T00:00:00Z,,20971571,20971571,37,7948277252011257.161633679214747396,15562493997905.978455720411191655,7948277252.011257,15562493.997905979,https://terra-classic-lcd.publicnode.com,
2024-12-08T00:00:00Z,,21072371,21072371,37,8051442253459778.923019373516745630,15635245483549.516552603031673579,8051442253.459779,15635245.483549515,https://terra-classic-lcd.publicnode.com,
2024-12-15T00:00:00Z,,21173171,21173171,37,8109831022620798.948418817212205983,15667040469005.007025834657016883,8109831022.620799,15667040.469005007,https://terra-classic-lcd.publicnode.com,
2024-12-22T00:00:00Z,,21273971,21273971,37,8172454135911764.827194515808064787,15702834140373.854881792017694088,8172454135.911765,15702834.140373856,https://terra-classic-lcd.publicnode.com,
2024-12-29T00:00:00Z,,21374771,21374771,37,8179802605314270.393541534811285429,15728183683925.844183998487285498,8179802605.31427,15728183.683925843,https://terra-classic-lcd.publicnode.com,
2025-01-05T00:00:00Z,,21475571,21475571,37,8216585806280082.603643957795192172,15765051078700.836842975351352938,8216585806.280083,15765051.078700837,https://terra-classic-lcd.publicnode.com,
2025-01-12T00:00:00Z,,21576371,21576371,37,8347962719968895.136926815006701279,15790334129620.085305951171532198,8347962719.968895,15790334.129620086,https://terra-classic-lcd.publicnode.com,
2025-01-19T00:00:00Z,,21677171,21677171,37,8540267024432405.159527794784330288,15816108379537.335981447634943961,8540267024.432405,15816108.379537337,https://terra-classic-lcd.publicnode.com,
2025-01-26T00:00:00Z,,21777971,21777971,37,8693488844585496.624417751057602692,15844184808488.022952531513549009,8693488844.585497,15844184.808488023,https://terra-classic-lcd.publicnode.com,
2025-02-02T00:00:00Z,,21878771,21878771,37,8785672689671493.480078846453630498,15889562677601.420125543712008937,8785672689.671494,15889562.67760142,https://terra-classic-lcd.publicnode.com,
2025-02-09T00:00:00Z,,21979571,21979571,37,8873478852359795.730537803856096377,16144424776445.131362806669763984,8873478852.359797,16144424.776445132,https://terra-classic-lcd.publicnode.com,
2025-02-16T00:00:00Z,,22080371,22080371,37,8913029329256769.656649463232142564,16209904719036.277247802008296569,8913029329.25677,16209904.719036277,https://terra-classic-lcd.publicnode.com,
2025-02-23T00:00:00Z,,22181171,22181171,37,8759949494058187.207542846083873733,16322180543726.038349638937489296,8759949494.058187,16322180.543726038,https://terra-classic-lcd.publicnode.com,
2025-03-02T00:00:00Z,,22281971,22281971,37,8919141953844194.226385609825691647,16565572988411.614870322170417506,8919141953.844194,16565572.988411615,https://terra-classic-lcd.publicnode.com,
2025-03-09T00:00:00Z,,22382771,22382771,37,8957847972701217.374520376221006918,16596554584099.042732149299900943,8957847972.701218,16596554.584099043,https://terra-classic-lcd.publicnode.com,
2025-03-16T00:00:00Z,,22483571,22483571,37,8948758814967947.216490646434212859,16627467346051.232350851498010153,8948758814.967947,16627467.346051233,https://terra-classic-lcd.publicnode.com,
2025-03-23T00:00:00Z,,22584371,22584371,37,8969848094199123.714233558720694747,16645878221275.074645538084754292,8969848094.199123,16645878.221275074,https://terra-classic-lcd.publicnode.com,
2025-03-30T00:00:00Z,,22685171,22685171,37,8970725976175514.767021663991563702,16684757590064.315873988784623047,8970725976.175514,16684757.590064317,https://terra-classic-lcd.publicnode.com,
2025-04-06T00:00:00Z,,22785971,22785971,37,9015824173523357.893263673666393810,59418205558709.261966040033849836,9015824173.523357,59418205.558709264,https://terra-classic-lcd.publicnode.com,
2025-04-13T00:00:00Z,,22886771,22886771,37,9042307958539269.307668353586164874,59449205317260.474713536990525154,9042307958.53927,59449205.317260474,https://terra-classic-lcd.publicnode.com,
2025-04-20T00:00:00Z,,22987571,22987571,37,9063928432142388.783943722488161717,59473965173969.623374930146989977,9063928432.142387,59473965.17396963,https://terra-classic-lcd.publicnode.com,
2025-04-27T00:00:00Z,,23088371,23088371,37,9108122092247206.544448085016563211,59489357606596.387965136412480958,9108122092.247206,59489357.60659639,https://terra-classic-lcd.publicnode.com,
2025-05-04T00:00:00Z,,23189171,23189171,37,9138487821223149.429623219049220811,59509834276509.604671064596758839,9138487821.22315,59509834.2765096,https://terra-classic-lcd.publicnode.com,
2025-05-11T00:00:00Z,,23289971,23289971,37,9177241323939859.441372262795483087,59543857623476.917328635605242222,9177241323.93986,59543857.623476915,https://terra-classic-lcd.publicnode.com,
2025-05-18T00:00:00Z,,23390771,23390771,37,9205440596918366.346594275653320801,59557536984387.586329449242303083,9205440596.918365,59557536.984387584,https://terra-classic-lcd.publicnode.com,
2025-05-25T00:00:00Z,,23491571,23491571,37,7760516715584328.007736248269972935,59588654658292.749349817752323774,7760516715.584328,59588654.65829275,https://terra-classic-lcd.publicnode.com,
2025-06-01T00:00:00Z,,23592371,23592371,38,7000163829211235.952376251123153719,59604264352955.070580283619324471,7000163829.211236,59604264.35295507,https://terra-classic-lcd.publicnode.com,
2025-06-08T00:00:00Z,,23693171,23693171,38,7042872608691005.884651457414240983,59617700805009.250236276776479637,7042872608.691006,59617700.80500925,https://terra-classic-lcd.publicnode.com,
2025-06-15T00:00:00Z,,23793971,23793971,38,7071697859780434.213852629712111286,59633606199650.513200576523197952,7071697859.780434,59633606.19965052,https://terra-classic-lcd.publicnode.com,
2025-06-22T00:00:00Z,,23894771,23894771,38,7012745612599482.874446108483087649,59651122265737.376554042636288098,7012745612.599483,59651122.26573738,https://terra-classic-lcd.publicnode.com,
2025-06-29T00:00:00Z,,23995571,23995571,38,7031110130017650.095297202341513495,59677500935106.332632529858940486,7031110130.01765,59677500.93510634,https://terra-classic-lcd.publicnode.com,
2025-07-06T00:00:00Z,,24096371,24096371,38,7058292506309387.655550451495751188,59692349668870.401155861362612218,7058292506.309388,59692349.6688704,https://terra-classic-lcd.publicnode.com,
2025-07-13T00:00:00Z,,24197171,24197171,38,7214688465638258.318363089185936853,59718003833460.459715276025161679,7214688465.638258,59718003.83346046,https://terra-classic-lcd.publicnode.com,
2025-07-20T00:00:00Z,,24297971,24297971,38,7243866798914406.939916087256962244,59758902391089.856063217874000418,7243866798.914407,59758902.39108986,https://terra-classic-lcd.publicnode.com,
2025-07-27T00:00:00Z,,24398771,24398771,38,7266669375180826.981954459007656201,59776057487917.571352154427193640,7266669375.180827,59776057.48791757,https://terra-classic-lcd.publicnode.com,
2025-08-03T00:00:00Z,,24499571,24499571,38,7301010570387333.964787272525962404,59793011514990.269230246208286932,7301010570.387334,59793011.51499026,https://terra-classic-lcd.publicnode.com,
2025-08-10T00:00:00Z,,24600371,24600371,38,7390054380344231.497499699946854076,59839031267893.869310990519986259,7390054380.344231,59839031.267893866,https://terra-classic-lcd.publicnode.com,
2025-08-17T00:00:00Z,,24701171,24701171,38,7524887112538532.433436732602558205,59859569405121.647227012741568820,7524887112.538532,59859569.40512165,https://terra-classic-lcd.publicnode.com,
2025-08-24T00:00:00Z,,24801971,24801971,38,7554420603378511.828053523155614225,59893319714831.913596297519633643,7554420603.378512,59893319.71483191,https://terra-classic-lcd.publicnode.com,
2025-08-31T00:00:00Z,,24902771,24902771,38,7595001578890044.943742206161987214,59916877038362.963751455715836209,7595001578.890045,59916877.03836296,https://terra-classic-lcd.publicnode.com,
2025-09-07T00:00:00Z,,25003571,25003571,38,7620355592193128.869070127091697072,59937549676552.133656197964395245,7620355592.193129,59937549.67655213,https://terra-classic-lcd.publicnode.com,
2025-09-14T00:00:00Z,,25104371,25104371,38,7638244011865759.456083256781323080,59954280975730.453404456652895666,7638244011.865759,59954280.97573046,https://terra-classic-lcd.publicnode.com,
2025-09-21T00:00:00Z,,25205171,25205171,38,7661410248350746.774147372423894836,59985903099291.320588189014877493,7661410248.350747,59985903.09929132,https://terra-classic-lcd.publicnode.com,
2025-09-28T00:00:00Z,,25305971,25305971,38,7939644161885580.101549293807562456,60148054269635.868782410600214076,7939644161.88558,60148054.26963586,https://terra-classic-lcd.publicnode.com,
2025-10-05T00:00:00Z,,25406771,25406771,38,7989795749429207.252303587375879128,60301250415444.776963775135351616,7989795749.429207,60301250.41544478,https://terra-classic-lcd.publicnode.com,
2025-10-12T00:00:00Z,,25507571,25507571,38,8096062141540502.998298112197164590,60413814158688.926874818367776193,8096062141.540503,60413814.15868893,https://terra-classic-lcd.publicnode.com,
2025-10-19T00:00:00Z,,25608371,25608371,38,7641917089253368.773482691227899425,60478822890288.713677278445933064,7641917089.253369,60478822.89028871,https://terra-classic-lcd.publicnode.com,
2025-10-26T00:00:00Z,2025-10-25T23:59:58.493594Z,25709171,25692212,38,7668672225037942.845280753557228495,60493931595022.422691428454993325,7668672225.037943,60493931.595022425,https://terra-classic-lcd.publicnode.com,
2025-11-02T00:00:00Z,2025-11-01T23:59:58.360718Z,25809971,25794010,38,7693696077706349.947526420010059325,60511889712432.561348402562459567,7693696077.70635,60511889.71243256,https://terra-classic-lcd.publicnode.com,
2025-11-09T00:00:00Z,2025-11-08T23:59:56.316559Z,25910771,25895953,38,7622165474336539.385585654274603056,60555896446084.670930593711037491,7622165474.336539,60555896.44608467,https://terra-classic-lcd.publicnode.com,
2025-11-16T00:00:00Z,2025-11-15T23:59:55.225872Z,26011571,25998495,38,7680557957512529.909039005545111653,60615226062121.716293267246354823,7680557957.51253,60615226.06212172,https://terra-classic-lcd.publicnode.com,
2025-11-23T00:00:00Z,2025-11-22T23:59:57.881987Z,26112371,26101724,38,7759000643594323.378033617750009540,60695439635832.720346759191130265,7759000643.594323,60695439.63583272,https://terra-classic-lcd.publicnode.com,
2025-11-30T00:00:00Z,2025-11-29T23:59:58.844357Z,26213171,26204855,38,7811590058080413.574534949686430316,60725749470418.214706631187149481,7811590058.080414,60725749.47041821,https://terra-classic-lcd.publicnode.com,
2025-12-07T00:00:00Z,2025-12-06T23:59:57.217451Z,26313971,26307745,38,7970630357789147.959598467405585406,60864020374664.292333221777535066,7970630357.789148,60864020.37466429,https://terra-classic-lcd.publicnode.com,
2025-12-14T00:00:00Z,2025-12-13T23:59:58.741457Z,26414771,26408212,38,8184375106740772.325490537274792659,60936861559554.113469921605941258,8184375106.740772,60936861.559554115,https://terra-classic-lcd.publicnode.com,
2025-12-21T00:00:00Z,2025-12-20T23:59:57.173218Z,26515571,26510015,38,8263588241279681.322352369172685280,60987943252249.147107111564818901,8263588241.279681,60987943.25224915,https://terra-classic-lcd.publicnode.com,
2025-12-28T00:00:00Z,2025-12-27T23:59:54.406004Z,26616371,26612401,38,8319089737559253.525912011372299656,61001748624775.695026755055010931,8319089737.559254,61001748.62477569,https://terra-classic-lcd.publicnode.com,
2026-01-04T00:00:00Z,2026-01-03T23:59:55.562164Z,26717171,26714146,39,8396134224481814.959819780226542828,61045230103764.256585453849635637,8396134224.481815,61045230.10376426,https://terra-classic-lcd.publicnode.com,
2026-01-11T00:00:00Z,2026-01-10T23:59:59.106056Z,26817971,26815893,39,8438700546481352.158612187848664054,61078200729070.829984444559751262,8438700546.481352,61078200.72907083,https://terra-classic-lcd.publicnode.com,
2026-01-18T00:00:00Z,2026-01-17T23:59:58.016556Z,26918771,26917405,39,8462239194667725.261419552085844420,61090949568517.203723135921496679,8462239194.667725,61090949.5685172,https://terra-classic-lcd.publicnode.com,
2026-01-25T00:00:00Z,2026-01-24T23:59:58.617672Z,27019571,27018885,39,8487235971954781.433386528956359111,61133340422704.634116776827228152,8487235971.954781,61133340.42270463,https://terra-classic-lcd.publicnode.com,
2026-02-01T00:00:00Z,2026-01-31T23:59:57.525843Z,27120371,27120371,39,7484805080612057.073523037087526738,61182468581103.892429836942946976,7484805080.612057,61182468.58110389,https://lcd.terra-classic.hexxagon.io,
